Season;Kolo;Datum;Domaci;Hoste;Score
season_13-14;1;19.08. 22:00;Almeria;Villarreal;2  :  3
season_13-14;1;19.08. 22:00;Celta Vigo;Espanyol;2  :  2
season_13-14;1;19.08. 20:00;Vallecano;Elche;3  :  0
season_13-14;1;18.08. 23:00;Sevilla;Atl. Madrid;1  :  3
season_13-14;1;18.08. 21:00;Osasuna;Granada;1  :  2
season_13-14;1;18.08. 21:00;Real Madrid;Betis;2  :  1
season_13-14;1;18.08. 19:00;Barcelona;Levante;7  :  0
season_13-14;1;17.08. 23:00;Valencia;Malaga;1  :  0
season_13-14;1;17.08. 21:00;Valladolid;Ath. Bilbao;1  :  2
season_13-14;1;17.08. 19:00;Real Sociedad;Getafe;2  :  0
season_13-14;2;26.08. 21:00;Granada;Real Madrid;0  :  1
season_13-14;2;25.08. 23:00;Betis;Celta Vigo ;1  :  2
season_13-14;2;25.08. 21:00;Levante;Sevilla;0  :  0
season_13-14;2;25.08. 21:00;Malaga;Barcelona;0  :  1
season_13-14;2;25.08. 19:00;Atl. Madrid;Vallecano;5  :  0
season_13-14;2;24.08. 23:00;Villarreal;Valladolid;2  :  1
season_13-14;2;24.08. 21:00;Espanyol;Valencia;3  :  1
season_13-14;2;24.08. 19:00;Elche;Real Sociedad;1  :  1
season_13-14;2;23.08. 22:00;Ath. Bilbao;Osasuna;2  :  0
season_13-14;2;23.08. 20:00;Getafe;Almeria;2  :  2
season_13-14;3;01.09. 21:00;Sevilla;Malaga ;2  :  2
season_13-14;3;01.09. 21:00;Valencia;Barcelona;2  :  3
season_13-14;3;01.09. 19:00;Real Sociedad;Atl. Madrid;1  :  2
season_13-14;3;01.09. 17:00;Espanyol;Betis;0  :  0
season_13-14;3;01.09. 12:00;Real Madrid;Ath. Bilbao;3  :  1
season_13-14;3;31.08. 23:00;Osasuna;Villarreal;0  :  3
season_13-14;3;31.08. 21:00;Valladolid;Getafe;1  :  0
season_13-14;3;31.08. 19:00;Celta Vigo;Granada;1  :  1
season_13-14;3;30.08. 23:00;Almeria ;Elche;2  :  2
season_13-14;3;30.08. 23:00;Vallecano ;Levante;1  :  2
season_13-14;4;16.09. 22:00;Ath. Bilbao;Celta Vigo;3  :  2
season_13-14;4;16.09. 20:00;Elche;Valladolid;0  :  0
season_13-14;4;15.09. 21:00;Betis;Valencia;3  :  1
season_13-14;4;15.09. 19:00;Malaga;Vallecano;5  :  0
season_13-14;4;15.09. 17:00;Getafe;Osasuna;2  :  1
season_13-14;4;15.09. 12:00;Granada ;Espanyol;0  :  1
season_13-14;4;14.09. 22:00;Villarreal;Real Madrid;2  :  2
season_13-14;4;14.09. 20:00;Barcelona;Sevilla;3  :  2
season_13-14;4;14.09. 18:00;Levante;Real Sociedad;0  :  0
season_13-14;4;14.09. 16:00;Atl. Madrid;Almeria;4  :  2
season_13-14;5;23.09. 22:00;Espanyol;Ath. Bilbao;3  :  2
season_13-14;5;22.09. 21:00;Valencia;Sevilla;3  :  1
season_13-14;5;22.09. 19:00;Real Madrid;Getafe ;4  :  1
season_13-14;5;22.09. 17:00;Celta Vigo;Villarreal;0  :  0
season_13-14;5;22.09. 12:00;Betis;Granada;0  :  0
season_13-14;5;21.09. 22:00;Valladolid;Atl. Madrid;0  :  2
season_13-14;5;21.09. 20:00;Vallecano;Barcelona;0  :  4
season_13-14;5;21.09. 18:00;Almeria ;Levante;2  :  2
season_13-14;5;21.09. 16:00;Real Sociedad;Malaga;0  :  0
season_13-14;5;20.09. 21:00;Osasuna;Elche;2  :  1
season_13-14;6;26.09. 22:00;Getafe;Celta Vigo;2  :  0
season_13-14;6;26.09. 22:00;Villarreal;Espanyol;2  :  1
season_13-14;6;26.09. 20:00;Ath. Bilbao;Betis;2  :  1
season_13-14;6;25.09. 22:00;Elche ;Real Madrid;1  :  2
season_13-14;6;25.09. 20:00;Granada;Valencia;0  :  1
season_13-14;6;25.09. 20:00;Sevilla;Vallecano ;4  :  1
season_13-14;6;24.09. 22:00;Atl. Madrid;Osasuna;2  :  1
season_13-14;6;24.09. 22:00;Malaga;Almeria;2  :  0
season_13-14;6;24.09. 20:00;Barcelona;Real Sociedad;4  :  1
season_13-14;6;24.09. 20:00;Levante;Valladolid ;1  :  1
season_13-14;7;30.09. 22:00;Granada;Ath. Bilbao;2  :  0
season_13-14;7;29.09. 21:00;Betis;Villarreal;1  :  0
season_13-14;7;29.09. 19:00;Espanyol;Getafe;0  :  2
season_13-14;7;29.09. 17:00;Celta Vigo;Elche;0  :  1
season_13-14;7;29.09. 12:00;Osasuna ;Levante;0  :  1
season_13-14;7;28.09. 22:00;Real Madrid;Atl. Madrid;0  :  1
season_13-14;7;28.09. 20:00;Real Sociedad;Sevilla ;1  :  1
season_13-14;7;28.09. 18:00;Almeria;Barcelona;0  :  2
season_13-14;7;28.09. 16:00;Valencia;Vallecano;1  :  0
season_13-14;7;27.09. 21:00;Valladolid;Malaga;2  :  2
season_13-14;8;06.10. 21:00;Ath. Bilbao;Valencia;1  :  1
season_13-14;8;06.10. 19:00;Getafe;Betis;3  :  1
season_13-14;8;06.10. 17:00;Sevilla;Almeria;2  :  1
season_13-14;8;06.10. 12:00;Atl. Madrid;Celta Vigo;2  :  1
season_13-14;8;05.10. 22:00;Barcelona;Valladolid;4  :  1
season_13-14;8;05.10. 20:00;Levante;Real Madrid;2  :  3
season_13-14;8;05.10. 18:00;Vallecano;Real Sociedad;1  :  0
season_13-14;8;05.10. 16:00;Elche;Espanyol ;2  :  1
season_13-14;8;04.10. 22:00;Malaga;Osasuna;0  :  1
season_13-14;8;04.10. 20:00;Villarreal;Granada;3  :  0
season_13-14;9;21.10. 22:00;Ath. Bilbao;Villarreal ;2  :  0
season_13-14;9;21.10. 20:00;Celta Vigo;Levante;0  :  1
season_13-14;9;20.10. 21:00;Valladolid;Sevilla;2  :  2
season_13-14;9;20.10. 19:00;Betis;Elche ;1  :  2
season_13-14;9;20.10. 17:00;Almeria;Vallecano ;0  :  1
season_13-14;9;20.10. 12:00;Granada ;Getafe;0  :  2
season_13-14;9;19.10. 22:00;Espanyol;Atl. Madrid;1  :  0
season_13-14;9;19.10. 20:00;Osasuna;Barcelona;0  :  0
season_13-14;9;19.10. 18:00;Valencia;Real Sociedad;1  :  2
season_13-14;9;19.10. 16:00;Real Madrid;Malaga;2  :  0
season_13-14;10;28.10. 22:00;Getafe;Ath. Bilbao;0  :  1
season_13-14;10;27.10. 21:00;Atl. Madrid;Betis;5  :  0
season_13-14;10;27.10. 19:00;Real Sociedad;Almeria;3  :  0
season_13-14;10;27.10. 17:00;Villarreal;Valencia;4  :  1
season_13-14;10;27.10. 12:00;Sevilla;Osasuna ;2  :  1
season_13-14;10;26.10. 22:00;Levante;Espanyol;3  :  0
season_13-14;10;26.10. 20:00;Elche;Granada;0  :  1
season_13-14;10;26.10. 18:00;Barcelona;Real Madrid;2  :  1
season_13-14;10;26.10. 16:00;Malaga;Celta Vigo;0  :  5
season_13-14;10;25.10. 21:00;Vallecano;Valladolid;0  :  3
season_13-14;11;31.10. 22:00;Ath. Bilbao;Elche;2  :  2
season_13-14;11;31.10. 22:00;Betis ;Levante;0  :  0
season_13-14;11;31.10. 20:00;Granada;Atl. Madrid ;1  :  2
season_13-14;11;31.10. 20:00;Villarreal ;Getafe;0  :  2
season_13-14;11;30.10. 22:00;Osasuna ;Vallecano;3  :  1
season_13-14;11;30.10. 22:00;Real Madrid;Sevilla ;7  :  3
season_13-14;11;30.10. 20:00;Valencia;Almeria;1  :  2
season_13-14;11;30.10. 20:00;Valladolid;Real Sociedad;2  :  2
season_13-14;11;29.10. 22:00;Celta Vigo;Barcelona;0  :  3
season_13-14;11;29.10. 20:00;Espanyol;Malaga;0  :  0
season_13-14;12;04.11. 22:00;Elche;Villarreal;0  :  1
season_13-14;12;03.11. 21:00;Malaga;Betis;3  :  2
season_13-14;12;03.11. 19:00;Levante;Granada;0  :  1
season_13-14;12;03.11. 17:00;Atl. Madrid;Ath. Bilbao ;2  :  0
season_13-14;12;03.11. 12:00;Getafe;Valencia;0  :  1
season_13-14;12;02.11. 22:00;Sevilla;Celta Vigo;0  :  1
season_13-14;12;02.11. 20:00;Vallecano;Real Madrid;2  :  3
season_13-14;12;02.11. 18:00;Almeria;Valladolid ;1  :  0
season_13-14;12;02.11. 16:00;Real Sociedad;Osasuna ;5  :  0
season_13-14;12;01.11. 21:00;Barcelona;Espanyol;1  :  0
season_13-14;13;10.11. 21:00;Betis;Barcelona;1  :  4
season_13-14;13;10.11. 19:00;Villarreal;Atl. Madrid;1  :  1
season_13-14;13;10.11. 17:00;Valencia;Valladolid;2  :  2
season_13-14;13;10.11. 12:00;Espanyol ;Sevilla;1  :  3
season_13-14;13;09.11. 22:00;Celta Vigo;Vallecano;0  :  2
season_13-14;13;09.11. 20:00;Ath. Bilbao ;Levante;2  :  1
season_13-14;13;09.11. 18:00;Getafe;Elche;1  :  1
season_13-14;13;09.11. 16:00;Real Madrid;Real Sociedad;5  :  1
season_13-14;13;08.11. 22:00;Granada;Malaga;3  :  1
season_13-14;13;08.11. 20:00;Osasuna;Almeria;0  :  1
season_13-14;14;25.11. 22:00;Malaga ;Ath. Bilbao;1  :  2
season_13-14;14;24.11. 21:00;Sevilla;Betis ;4  :  0
season_13-14;14;24.11. 19:00;Elche;Valencia;2  :  1
season_13-14;14;24.11. 17:00;Vallecano ;Espanyol;1  :  4
season_13-14;14;24.11. 12:00;Levante ;Villarreal;0  :  3
season_13-14;14;23.11. 22:00;Atl. Madrid;Getafe ;7  :  0
season_13-14;14;23.11. 20:00;Almeria;Real Madrid;0  :  5
season_13-14;14;23.11. 18:00;Real Sociedad;Celta Vigo ;4  :  3
season_13-14;14;23.11. 16:00;Barcelona;Granada ;4  :  0
season_13-14;14;22.11. 21:00;Valladolid;Osasuna;0  :  1
season_13-14;15;01.12. 21:00;Ath. Bilbao;Barcelona;1  :  0
season_13-14;15;01.12. 19:00;Valencia;Osasuna ;3  :  0
season_13-14;15;01.12. 17:00;Granada;Sevilla;1  :  2
season_13-14;15;01.12. 12:00;Betis;Vallecano;2  :  2
season_13-14;15;30.11. 22:00;Espanyol;Real Sociedad;1  :  2
season_13-14;15;30.11. 20:00;Real Madrid;Valladolid;4  :  0
season_13-14;15;30.11. 18:00;Celta Vigo;Almeria;3  :  1
season_13-14;15;30.11. 16:00;Elche;Atl. Madrid;0  :  2
season_13-14;15;29.11. 20:30;Villarreal;Malaga;1  :  1
season_13-14;15;29.11. 20:00;Getafe;Levante;1  :  0
season_13-14;16;16.12. 22:00;Valladolid;Celta Vigo ;3  :  0
season_13-14;16;15.12. 21:00;Atl. Madrid;Valencia;3  :  0
season_13-14;16;15.12. 19:00;Sevilla;Ath. Bilbao;1  :  1
season_13-14;16;15.12. 17:00;Real Sociedad;Betis;5  :  1
season_13-14;16;15.12. 12:00;Almeria;Espanyol;0  :  0
season_13-14;16;14.12. 22:00;Malaga;Getafe;1  :  0
season_13-14;16;14.12. 20:00;Barcelona;Villarreal;2  :  1
season_13-14;16;14.12. 18:00;Vallecano ;Granada;0  :  2
season_13-14;16;14.12. 16:00;Osasuna ;Real Madrid ;2  :  2
season_13-14;16;13.12. 21:00;Levante;Elche;2  :  1
season_13-14;17;22.12. 21:00;Celta Vigo;Osasuna;1  :  1
season_13-14;17;22.12. 21:00;Valencia;Real Madrid;2  :  3
season_13-14;17;22.12. 19:00;Ath. Bilbao;Vallecano;2  :  1
season_13-14;17;22.12. 17:00;Getafe;Barcelona;2  :  5
season_13-14;17;22.12. 12:00;Espanyol;Valladolid;4  :  2
season_13-14;17;21.12. 22:00;Granada;Real Sociedad;1  :  3
season_13-14;17;21.12. 20:00;Atl. Madrid;Levante ;3  :  2
season_13-14;17;21.12. 18:00;Betis;Almeria;0  :  1
season_13-14;17;21.12. 16:00;Villarreal;Sevilla ;1  :  2
season_13-14;17;20.12. 20:30;Elche ;Malaga;0  :  1
season_13-14;18;06.01. 22:00;Vallecano;Villarreal;2  :  5
season_13-14;18;06.01. 19:00;Real Madrid;Celta Vigo;3  :  0
season_13-14;18;05.01. 20:00;Real Sociedad;Ath. Bilbao;2  :  0
season_13-14;18;05.01. 18:00;Osasuna;Espanyol;1  :  0
season_13-14;18;05.01. 16:00;Barcelona;Elche;4  :  0
season_13-14;18;05.01. 12:00;Sevilla;Getafe;3  :  0
season_13-14;18;04.01. 22:00;Almeria;Granada;3  :  0
season_13-14;18;04.01. 20:00;Valencia;Levante;2  :  0
season_13-14;18;04.01. 18:00;Valladolid;Betis;0  :  0
season_13-14;18;04.01. 16:00;Malaga;Atl. Madrid;0  :  1
season_13-14;19;13.01. 22:00;Villarreal;Real Sociedad;5  :  1
season_13-14;19;12.01. 21:00;Levante;Malaga;1  :  0
season_13-14;19;12.01. 19:00;Espanyol;Real Madrid;0  :  1
season_13-14;19;12.01. 17:00;Betis ;Osasuna ;1  :  2
season_13-14;19;12.01. 12:00;Getafe;Vallecano;0  :  1
season_13-14;19;11.01. 22:00;Elche;Sevilla;1  :  1
season_13-14;19;11.01. 20:00;Atl. Madrid;Barcelona;0  :  0
season_13-14;19;11.01. 18:00;Celta Vigo;Valencia;2  :  1
season_13-14;19;11.01. 16:00;Ath. Bilbao;Almeria;6  :  1
season_13-14;19;10.01. 21:00;Granada;Valladolid;4  :  0
season_13-14;20;20.01. 22:00;Ath. Bilbao;Valladolid;4  :  2
season_13-14;20;19.01. 21:00;Atl. Madrid;Sevilla ;1  :  1
season_13-14;20;19.01. 19:00;Levante;Barcelona;1  :  1
season_13-14;20;19.01. 17:00;Villarreal;Almeria;2  :  0
season_13-14;20;19.01. 12:00;Getafe ;Real Sociedad;2  :  2
season_13-14;20;18.01. 22:00;Espanyol;Celta Vigo;1  :  0
season_13-14;20;18.01. 20:00;Granada;Osasuna;0  :  0
season_13-14;20;18.01. 18:00;Elche;Vallecano ;2  :  0
season_13-14;20;18.01. 16:00;Betis;Real Madrid;0  :  5
season_13-14;20;17.01. 21:00;Malaga;Valencia;0  :  0
season_13-14;21;27.01. 22:00;Real Sociedad;Elche;4  :  0
season_13-14;21;26.01. 21:00;Barcelona;Malaga;3  :  0
season_13-14;21;26.01. 19:00;Vallecano;Atl. Madrid;2  :  4
season_13-14;21;26.01. 17:00;Osasuna ;Ath. Bilbao;1  :  5
season_13-14;21;26.01. 12:00;Almeria;Getafe;1  :  0
season_13-14;21;25.01. 22:00;Sevilla ;Levante ;2  :  3
season_13-14;21;25.01. 20:00;Valencia;Espanyol;2  :  2
season_13-14;21;25.01. 18:00;Valladolid;Villarreal;1  :  0
season_13-14;21;25.01. 16:00;Real Madrid;Granada;2  :  0
season_13-14;21;24.01. 21:00;Celta Vigo;Betis ;4  :  2
season_13-14;22;03.02. 22:00;Villarreal;Osasuna;3  :  1
season_13-14;22;02.02. 21:00;Ath. Bilbao;Real Madrid ;1  :  1
season_13-14;22;02.02. 19:00;Atl. Madrid;Real Sociedad;4  :  0
season_13-14;22;02.02. 17:00;Betis;Espanyol;2  :  0
season_13-14;22;02.02. 12:00;Elche ;Almeria;1  :  0
season_13-14;22;01.02. 22:00;Malaga;Sevilla;3  :  2
season_13-14;22;01.02. 20:00;Getafe;Valladolid;0  :  0
season_13-14;22;01.02. 18:00;Levante;Vallecano;0  :  0
season_13-14;22;01.02. 16:00;Barcelona ;Valencia;2  :  3
season_13-14;22;31.01. 21:00;Granada;Celta Vigo;1  :  2
season_13-14;23;10.02. 22:00;Celta Vigo;Ath. Bilbao;0  :  0
season_13-14;23;09.02. 21:00;Sevilla;Barcelona;1  :  4
season_13-14;23;09.02. 19:00;Real Sociedad;Levante;0  :  0
season_13-14;23;09.02. 17:00;Valladolid;Elche;2  :  2
season_13-14;23;09.02. 12:00;Osasuna;Getafe;2  :  0
season_13-14;23;08.02. 22:00;Almeria;Atl. Madrid ;2  :  0
season_13-14;23;08.02. 20:00;Real Madrid;Villarreal;4  :  2
season_13-14;23;08.02. 18:00;Vallecano;Malaga ;4  :  1
season_13-14;23;08.02. 16:00;Valencia;Betis;5  :  0
season_13-14;23;07.02. 21:00;Espanyol ;Granada;1  :  0
season_13-14;24;17.02. 22:00;Malaga;Real Sociedad;0  :  1
season_13-14;24;16.02. 21:00;Sevilla ;Valencia ;0  :  0
season_13-14;24;16.02. 19:00;Ath. Bilbao ;Espanyol;1  :  2
season_13-14;24;16.02. 17:00;Getafe;Real Madrid;0  :  3
season_13-14;24;16.02. 12:00;Granada ;Betis ;1  :  0
season_13-14;24;15.02. 22:00;Villarreal;Celta Vigo;0  :  2
season_13-14;24;15.02. 20:00;Barcelona;Vallecano;6  :  0
season_13-14;24;15.02. 18:00;Levante;Almeria;1  :  0
season_13-14;24;15.02. 16:00;Atl. Madrid;Valladolid;3  :  0
season_13-14;24;14.02. 21:00;Elche;Osasuna;0  :  0
season_13-14;25;24.02. 22:00;Espanyol;Villarreal;1  :  2
season_13-14;25;23.02. 21:00;Osasuna;Atl. Madrid;3  :  0
season_13-14;25;23.02. 19:00;Valencia;Granada;2  :  1
season_13-14;25;23.02. 17:00;Betis ;Ath. Bilbao;0  :  2
season_13-14;25;23.02. 12:00;Vallecano;Sevilla ;0  :  1
season_13-14;25;22.02. 22:00;Almeria;Malaga;0  :  0
season_13-14;25;22.02. 20:00;Real Sociedad;Barcelona;3  :  1
season_13-14;25;22.02. 18:00;Celta Vigo;Getafe ;1  :  1
season_13-14;25;22.02. 16:00;Real Madrid;Elche;3  :  0
season_13-14;25;21.02. 21:00;Valladolid;Levante;1  :  1
season_13-14;26;02.03. 21:00;Barcelona;Almeria;4  :  1
season_13-14;26;02.03. 21:00;Vallecano;Valencia ;1  :  0
season_13-14;26;02.03. 19:00;Sevilla;Real Sociedad;1  :  0
season_13-14;26;02.03. 17:00;Atl. Madrid;Real Madrid;2  :  2
season_13-14;26;02.03. 12:00;Villarreal ;Betis;1  :  1
season_13-14;26;01.03. 22:00;Elche;Celta Vigo;1  :  0
season_13-14;26;01.03. 20:00;Getafe;Espanyol;0  :  0
season_13-14;26;01.03. 18:00;Levante ;Osasuna;2  :  0
season_13-14;26;01.03. 16:00;Malaga;Valladolid;1  :  1
season_13-14;26;28.02. 20:30;Ath. Bilbao;Granada ;4  :  0
season_13-14;27;10.03. 22:00;Real Sociedad;Vallecano;2  :  3
season_13-14;27;10.03. 20:00;Osasuna;Malaga ;0  :  2
season_13-14;27;09.03. 21:00;Valencia;Ath. Bilbao;1  :  1
season_13-14;27;09.03. 19:00;Real Madrid;Levante ;3  :  0
season_13-14;27;09.03. 17:00;Almeria;Sevilla;1  :  3
season_13-14;27;09.03. 12:00;Espanyol;Elche;3  :  1
season_13-14;27;08.03. 22:00;Granada;Villarreal;2  :  0
season_13-14;27;08.03. 20:00;Celta Vigo;Atl. Madrid;0  :  2
season_13-14;27;08.03. 18:00;Betis;Getafe;2  :  0
season_13-14;27;08.03. 16:00;Valladolid;Barcelona;1  :  0
season_13-14;28;17.03. 22:00;Villarreal ;Ath. Bilbao;1  :  1
season_13-14;28;16.03. 21:00;Real Sociedad;Valencia;1  :  0
season_13-14;28;16.03. 19:00;Sevilla;Valladolid;4  :  1
season_13-14;28;16.03. 17:00;Barcelona;Osasuna;7  :  0
season_13-14;28;16.03. 12:00;Elche;Betis;0  :  0
season_13-14;28;15.03. 22:00;Atl. Madrid;Espanyol;1  :  0
season_13-14;28;15.03. 20:00;Malaga;Real Madrid;0  :  1
season_13-14;28;15.03. 18:00;Vallecano;Almeria;3  :  1
season_13-14;28;15.03. 16:00;Levante;Celta Vigo;0  :  1
season_13-14;28;14.03. 21:00;Getafe ;Granada ;3  :  3
season_13-14;29;24.03. 22:00;Almeria;Real Sociedad;4  :  3
season_13-14;29;23.03. 21:00;Real Madrid ;Barcelona;3  :  4
season_13-14;29;23.03. 19:00;Valencia;Villarreal;2  :  1
season_13-14;29;23.03. 17:00;Betis ;Atl. Madrid;0  :  2
season_13-14;29;23.03. 12:00;Osasuna;Sevilla;1  :  2
season_13-14;29;22.03. 22:00;Ath. Bilbao;Getafe;1  :  0
season_13-14;29;22.03. 20:00;Valladolid;Vallecano;1  :  1
season_13-14;29;22.03. 18:00;Espanyol;Levante ;0  :  0
season_13-14;29;22.03. 16:00;Granada;Elche ;1  :  0
season_13-14;29;21.03. 21:00;Celta Vigo;Malaga ;0  :  2
season_13-14;30;27.03. 22:00;Almeria;Valencia;2  :  2
season_13-14;30;27.03. 22:00;Levante;Betis;1  :  3
season_13-14;30;27.03. 20:00;Getafe;Villarreal;0  :  1
season_13-14;30;27.03. 20:00;Real Sociedad;Valladolid;1  :  0
season_13-14;30;26.03. 22:00;Atl. Madrid;Granada;1  :  0
season_13-14;30;26.03. 22:00;Sevilla;Real Madrid;2  :  1
season_13-14;30;26.03. 20:00;Barcelona;Celta Vigo;3  :  0
season_13-14;30;26.03. 20:00;Vallecano;Osasuna;1  :  0
season_13-14;30;25.03. 22:00;Elche;Ath. Bilbao;0  :  0
season_13-14;30;25.03. 20:00;Malaga ;Espanyol;1  :  2
season_13-14;31;31.03. 22:00;Betis;Malaga;1  :  2
season_13-14;31;31.03. 20:00;Granada;Levante;0  :  2
season_13-14;31;30.03. 21:00;Valencia ;Getafe;1  :  3
season_13-14;31;30.03. 19:00;Villarreal;Elche;1  :  1
season_13-14;31;30.03. 17:00;Osasuna;Real Sociedad;1  :  1
season_13-14;31;30.03. 12:00;Valladolid;Almeria ;1  :  0
season_13-14;31;29.03. 22:00;Real Madrid;Vallecano;5  :  0
season_13-14;31;29.03. 20:00;Ath. Bilbao ;Atl. Madrid;1  :  2
season_13-14;31;29.03. 18:00;Celta Vigo;Sevilla;1  :  0
season_13-14;31;29.03. 16:00;Espanyol ;Barcelona;0  :  1
season_13-14;32;07.04. 22:00;Levante ;Ath. Bilbao;1  :  2
season_13-14;32;06.04. 21:00;Valladolid;Valencia;0  :  0
season_13-14;32;06.04. 19:00;Sevilla;Espanyol;4  :  1
season_13-14;32;06.04. 17:00;Elche;Getafe;1  :  0
season_13-14;32;06.04. 12:00;Malaga;Granada;4  :  1
season_13-14;32;05.04. 22:00;Vallecano ;Celta Vigo;3  :  0
season_13-14;32;05.04. 20:00;Real Sociedad;Real Madrid;0  :  4
season_13-14;32;05.04. 18:00;Barcelona;Betis;3  :  1
season_13-14;32;05.04. 16:00;Atl. Madrid;Villarreal;1  :  0
season_13-14;32;04.04. 21:00;Almeria ;Osasuna;1  :  2
season_13-14;33;14.04. 22:00;Ath. Bilbao;Malaga;3  :  0
season_13-14;33;13.04. 21:00;Espanyol;Vallecano;2  :  2
season_13-14;33;13.04. 19:00;Getafe ;Atl. Madrid;0  :  2
season_13-14;33;13.04. 17:00;Valencia ;Elche;2  :  1
season_13-14;33;13.04. 12:00;Betis ;Sevilla;0  :  2
season_13-14;33;12.04. 22:00;Real Madrid;Almeria;4  :  0
season_13-14;33;12.04. 20:00;Granada;Barcelona;1  :  0
season_13-14;33;12.04. 18:00;Villarreal;Levante;1  :  0
season_13-14;33;12.04. 16:00;Celta Vigo ;Real Sociedad;2  :  2
season_13-14;33;11.04. 21:00;Osasuna;Valladolid;0  :  0
season_13-14;34;07.05. 21:00;Valladolid;Real Madrid;1  :  1
season_13-14;34;21.04. 22:00;Malaga ;Villarreal;2  :  0
season_13-14;34;20.04. 21:00;Barcelona;Ath. Bilbao;2  :  1
season_13-14;34;20.04. 19:00;Sevilla;Granada;4  :  0
season_13-14;34;20.04. 17:00;Vallecano;Betis;3  :  1
season_13-14;34;20.04. 12:00;Almeria;Celta Vigo;2  :  4
season_13-14;34;19.04. 20:00;Real Sociedad;Espanyol;2  :  1
season_13-14;34;19.04. 18:00;Levante;Getafe ;0  :  0
season_13-14;34;19.04. 16:00;Osasuna;Valencia;1  :  1
season_13-14;34;18.04. 20:30;Atl. Madrid;Elche ;2  :  0
season_13-14;35;28.04. 22:00;Celta Vigo;Valladolid;4  :  1
season_13-14;35;27.04. 21:00;Villarreal;Barcelona;2  :  3
season_13-14;35;27.04. 19:00;Ath. Bilbao;Sevilla ;3  :  1
season_13-14;35;27.04. 17:00;Valencia;Atl. Madrid ;0  :  1
season_13-14;35;27.04. 12:00;Espanyol ;Almeria;1  :  2
season_13-14;35;26.04. 22:00;Betis;Real Sociedad;0  :  1
season_13-14;35;26.04. 20:00;Real Madrid;Osasuna;4  :  0
season_13-14;35;26.04. 18:00;Getafe ;Malaga ;1  :  0
season_13-14;35;26.04. 16:00;Granada ;Vallecano;0  :  3
season_13-14;35;25.04. 21:00;Elche;Levante;1  :  1
season_13-14;36;05.05. 22:00;Real Sociedad ;Granada ;1  :  1
season_13-14;36;04.05. 21:00;Real Madrid;Valencia;2  :  2
season_13-14;36;04.05. 19:00;Sevilla;Villarreal;0  :  0
season_13-14;36;04.05. 17:00;Levante;Atl. Madrid;2  :  0
season_13-14;36;04.05. 12:00;Almeria ;Betis;3  :  2
season_13-14;36;03.05. 22:00;Valladolid;Espanyol ;1  :  0
season_13-14;36;03.05. 20:00;Osasuna;Celta Vigo;0  :  2
season_13-14;36;03.05. 18:00;Malaga;Elche ;0  :  1
season_13-14;36;03.05. 16:00;Barcelona;Getafe;2  :  2
season_13-14;36;02.05. 21:00;Vallecano;Ath. Bilbao;0  :  3
season_13-14;37;11.05. 19:00;Atl. Madrid;Malaga ;1  :  1
season_13-14;37;11.05. 19:00;Betis;Valladolid;4  :  3
season_13-14;37;11.05. 19:00;Celta Vigo;Real Madrid;2  :  0
season_13-14;37;11.05. 19:00;Elche;Barcelona;0  :  0
season_13-14;37;11.05. 19:00;Espanyol;Osasuna;1  :  1
season_13-14;37;11.05. 19:00;Getafe;Sevilla;1  :  0
season_13-14;37;11.05. 19:00;Granada ;Almeria;0  :  2
season_13-14;37;11.05. 17:00;Ath. Bilbao;Real Sociedad;1  :  1
season_13-14;37;10.05. 22:00;Levante ;Valencia;2  :  0
season_13-14;37;10.05. 20:00;Villarreal;Vallecano ;4  :  0
season_13-14;38;18.05. 21:00;Sevilla;Elche;3  :  1
season_13-14;38;18.05. 18:00;Almeria;Ath. Bilbao;0  :  0
season_13-14;38;18.05. 18:00;Osasuna;Betis;2  :  1
season_13-14;38;18.05. 18:00;Valladolid;Granada;0  :  1
season_13-14;38;18.05. 18:00;Vallecano;Getafe;1  :  2
season_13-14;38;18.05. 12:00;Real Sociedad;Villarreal;1  :  2
season_13-14;38;17.05. 22:00;Valencia;Celta Vigo;2  :  1
season_13-14;38;17.05. 18:00;Barcelona;Atl. Madrid;1  :  1
season_13-14;38;17.05. 16:00;Real Madrid;Espanyol;3  :  1
season_13-14;38;16.05. 21:00;Malaga;Levante ;1  :  0
season_14-15;1;25.08. 22:00;Vallecano;Atl. Madrid;0  :  0
season_14-15;1;25.08. 20:00;Real Madrid;Cordoba;2  :  0
season_14-15;1;24.08. 23:00;Levante;Villarreal;0  :  2
season_14-15;1;24.08. 21:00;Barcelona ;Elche;3  :  0
season_14-15;1;24.08. 21:00;Celta Vigo;Getafe;3  :  1
season_14-15;1;24.08. 19:00;Eibar;Real Sociedad;1  :  0
season_14-15;1;23.08. 23:00;Almeria;Espanyol ;1  :  1
season_14-15;1;23.08. 21:00;Granada;La Coruňa;2  :  1
season_14-15;1;23.08. 21:00;Sevilla;Valencia ;1  :  1
season_14-15;1;23.08. 19:00;Malaga ;Ath. Bilbao;1  :  0
season_14-15;2;31.08. 23:00;Elche;Granada;1  :  1
season_14-15;2;31.08. 21:00;La Coruňa;Vallecano;2  :  2
season_14-15;2;31.08. 21:00;Real Sociedad;Real Madrid;4  :  2
season_14-15;2;31.08. 19:00;Villarreal;Barcelona;0  :  1
season_14-15;2;30.08. 23:00;Espanyol;Sevilla;1  :  2
season_14-15;2;30.08. 21:00;Atl. Madrid;Eibar;2  :  1
season_14-15;2;30.08. 19:00;Ath. Bilbao;Levante;3  :  0
season_14-15;2;30.08. 19:00;Cordoba;Celta Vigo;1  :  1
season_14-15;2;29.08. 22:00;Valencia;Malaga ;3  :  0
season_14-15;2;29.08. 20:00;Getafe;Almeria;1  :  0
season_14-15;3;15.09. 20:45;Eibar;La Coruňa;0  :  1
season_14-15;3;14.09. 21:00;Granada;Villarreal;0  :  0
season_14-15;3;14.09. 19:00;Sevilla;Getafe;2  :  0
season_14-15;3;14.09. 17:00;Valencia;Espanyol;3  :  1
season_14-15;3;14.09. 12:00;Vallecano;Elche;2  :  3
season_14-15;3;13.09. 22:00;Celta Vigo;Real Sociedad;2  :  2
season_14-15;3;13.09. 20:00;Real Madrid;Atl. Madrid;1  :  2
season_14-15;3;13.09. 18:00;Malaga;Levante;0  :  0
season_14-15;3;13.09. 16:00;Barcelona;Ath. Bilbao;2  :  0
season_14-15;3;12.09. 21:00;Almeria;Cordoba;1  :  1
season_14-15;4;22.09. 20:45;Getafe;Valencia ;0  :  3
season_14-15;4;21.09. 21:00;Levante ;Barcelona;0  :  5
season_14-15;4;21.09. 19:00;Cordoba;Sevilla;1  :  3
season_14-15;4;21.09. 17:00;Villarreal;Vallecano;4  :  2
season_14-15;4;21.09. 12:00;Real Sociedad;Almeria ;1  :  2
season_14-15;4;20.09. 22:00;Espanyol;Malaga;2  :  2
season_14-15;4;20.09. 20:00;Atl. Madrid;Celta Vigo;2  :  2
season_14-15;4;20.09. 18:00;Ath. Bilbao;Granada;0  :  1
season_14-15;4;20.09. 16:00;La Coruňa;Real Madrid;2  :  8
season_14-15;4;19.09. 21:00;Elche;Eibar;0  :  2
season_14-15;5;25.09. 22:00;Valencia;Cordoba;3  :  0
season_14-15;5;25.09. 20:00;Espanyol;Getafe;2  :  0
season_14-15;5;24.09. 22:00;Granada;Levante;0  :  1
season_14-15;5;24.09. 22:00;Malaga;Barcelona;0  :  0
season_14-15;5;24.09. 22:00;Sevilla;Real Sociedad;1  :  0
season_14-15;5;24.09. 20:00;Almeria;Atl. Madrid;0  :  1
season_14-15;5;24.09. 20:00;Eibar;Villarreal;1  :  1
season_14-15;5;24.09. 20:00;Vallecano;Ath. Bilbao;2  :  1
season_14-15;5;23.09. 22:00;Celta Vigo;La Coruňa;2  :  1
season_14-15;5;23.09. 20:00;Real Madrid;Elche;5  :  1
season_14-15;6;28.09. 21:00;Cordoba;Espanyol;0  :  0
season_14-15;6;28.09. 19:00;Real Sociedad;Valencia;1  :  1
season_14-15;6;28.09. 17:00;La Coruňa;Almeria;0  :  1
season_14-15;6;28.09. 12:00;Getafe;Malaga ;1  :  0
season_14-15;6;27.09. 22:00;Ath. Bilbao;Eibar;0  :  0
season_14-15;6;27.09. 22:00;Levante;Vallecano;0  :  2
season_14-15;6;27.09. 20:00;Atl. Madrid;Sevilla;4  :  0
season_14-15;6;27.09. 18:00;Barcelona;Granada;6  :  0
season_14-15;6;27.09. 16:00;Villarreal;Real Madrid;0  :  2
season_14-15;6;26.09. 21:00;Elche;Celta Vigo;0  :  1
season_14-15;7;05.10. 21:00;Real Madrid;Ath. Bilbao;5  :  0
season_14-15;7;05.10. 19:00;Espanyol;Real Sociedad;2  :  0
season_14-15;7;05.10. 17:00;Celta Vigo ;Villarreal;1  :  3
season_14-15;7;05.10. 12:00;Sevilla;La Coruňa;4  :  1
season_14-15;7;04.10. 22:00;Almeria;Elche ;2  :  2
season_14-15;7;04.10. 22:00;Malaga ;Granada;2  :  1
season_14-15;7;04.10. 20:00;Eibar;Levante;3  :  3
season_14-15;7;04.10. 18:00;Vallecano ;Barcelona;0  :  2
season_14-15;7;04.10. 16:00;Valencia;Atl. Madrid ;3  :  1
season_14-15;7;03.10. 21:00;Getafe;Cordoba;1  :  1
season_14-15;8;20.10. 20:45;Real Sociedad;Getafe;1  :  2
season_14-15;8;19.10. 21:00;Villarreal;Almeria;2  :  0
season_14-15;8;19.10. 19:00;Elche;Sevilla;0  :  2
season_14-15;8;19.10. 17:00;La Coruňa;Valencia;3  :  0
season_14-15;8;19.10. 12:00;Atl. Madrid;Espanyol;2  :  0
season_14-15;8;18.10. 22:00;Cordoba;Malaga;1  :  2
season_14-15;8;18.10. 20:00;Barcelona;Eibar;3  :  0
season_14-15;8;18.10. 18:00;Ath. Bilbao;Celta Vigo;1  :  1
season_14-15;8;18.10. 16:00;Levante;Real Madrid;0  :  5
season_14-15;8;17.10. 21:00;Granada;Vallecano;0  :  1
season_14-15;9;26.10. 21:00;Getafe ;Atl. Madrid;0  :  1
season_14-15;9;26.10. 19:00;Sevilla;Villarreal;2  :  1
season_14-15;9;26.10. 17:00;Espanyol;La Coruňa;0  :  0
season_14-15;9;26.10. 12:00;Malaga;Vallecano;4  :  0
season_14-15;9;25.10. 22:00;Cordoba;Real Sociedad;1  :  1
season_14-15;9;25.10. 22:00;Eibar;Granada;1  :  1
season_14-15;9;25.10. 20:00;Valencia;Elche;3  :  1
season_14-15;9;25.10. 18:00;Real Madrid;Barcelona;3  :  1
season_14-15;9;25.10. 16:00;Almeria;Ath. Bilbao;0  :  1
season_14-15;9;24.10. 21:00;Celta Vigo;Levante;3  :  0
season_14-15;10;03.11. 20:45;Vallecano;Eibar;2  :  3
season_14-15;10;02.11. 21:00;Elche ;Espanyol;2  :  1
season_14-15;10;02.11. 19:00;Levante;Almeria;2  :  1
season_14-15;10;02.11. 17:00;Villarreal;Valencia;1  :  3
season_14-15;10;02.11. 12:00;Ath. Bilbao;Sevilla;1  :  0
season_14-15;10;01.11. 22:00;Real Sociedad;Malaga;0  :  1
season_14-15;10;01.11. 20:00;Barcelona;Celta Vigo;0  :  1
season_14-15;10;01.11. 18:00;Atl. Madrid;Cordoba;4  :  2
season_14-15;10;01.11. 16:00;Granada;Real Madrid;0  :  4
season_14-15;10;31.10. 20:45;La Coruňa;Getafe;1  :  2
season_14-15;11;09.11. 21:00;Real Sociedad;Atl. Madrid ;2  :  1
season_14-15;11;09.11. 19:00;Valencia;Ath. Bilbao;0  :  0
season_14-15;11;09.11. 17:00;Espanyol;Villarreal;1  :  1
season_14-15;11;09.11. 12:00;Sevilla;Levante;1  :  1
season_14-15;11;08.11. 22:00;Celta Vigo;Granada;0  :  0
season_14-15;11;08.11. 22:00;Malaga;Eibar ;2  :  1
season_14-15;11;08.11. 20:00;Real Madrid;Vallecano;5  :  1
season_14-15;11;08.11. 18:00;Getafe;Elche;0  :  0
season_14-15;11;08.11. 16:00;Almeria;Barcelona;1  :  2
season_14-15;11;07.11. 20:45;Cordoba;La Coruňa ;0  :  0
season_14-15;12;24.11. 20:45;Granada;Almeria ;0  :  0
season_14-15;12;23.11. 21:00;Villarreal;Getafe;2  :  1
season_14-15;12;23.11. 19:00;Elche;Cordoba;2  :  2
season_14-15;12;23.11. 17:00;Levante;Valencia;2  :  1
season_14-15;12;23.11. 12:00;Vallecano;Celta Vigo;1  :  0
season_14-15;12;22.11. 22:00;La Coruňa;Real Sociedad;0  :  0
season_14-15;12;22.11. 20:00;Barcelona;Sevilla;5  :  1
season_14-15;12;22.11. 18:00;Eibar;Real Madrid;0  :  4
season_14-15;12;22.11. 16:00;Atl. Madrid ;Malaga ;3  :  1
season_14-15;12;21.11. 20:45;Ath. Bilbao;Espanyol;3  :  1
season_14-15;13;01.12. 20:45;Almeria;Vallecano;0  :  1
season_14-15;13;30.11. 21:00;Valencia;Barcelona;0  :  1
season_14-15;13;30.11. 19:00;Cordoba;Villarreal;0  :  2
season_14-15;13;30.11. 17:00;Sevilla;Granada;5  :  1
season_14-15;13;30.11. 12:00;Atl. Madrid;La Coruňa;2  :  0
season_14-15;13;29.11. 22:00;Celta Vigo;Eibar;0  :  1
season_14-15;13;29.11. 20:00;Malaga;Real Madrid ;1  :  2
season_14-15;13;29.11. 18:00;Espanyol;Levante;2  :  1
season_14-15;13;29.11. 16:00;Getafe;Ath. Bilbao;1  :  2
season_14-15;13;28.11. 20:45;Real Sociedad;Elche;3  :  0
season_14-15;14;08.12. 19:00;Levante;Getafe;1  :  1
season_14-15;14;08.12. 17:00;Eibar;Almeria;5  :  2
season_14-15;14;07.12. 21:00;Granada;Valencia ;1  :  1
season_14-15;14;07.12. 19:00;Villarreal;Real Sociedad;4  :  0
season_14-15;14;07.12. 17:00;Barcelona;Espanyol;5  :  1
season_14-15;14;07.12. 12:00;Vallecano;Sevilla ;0  :  1
season_14-15;14;06.12. 22:00;La Coruňa;Malaga;0  :  1
season_14-15;14;06.12. 20:00;Real Madrid;Celta Vigo;3  :  0
season_14-15;14;06.12. 18:00;Ath. Bilbao;Cordoba;0  :  1
season_14-15;14;06.12. 16:00;Elche;Atl. Madrid;0  :  2
season_14-15;15;15.12. 20:45;La Coruňa;Elche;1  :  0
season_14-15;15;14.12. 21:00;Real Sociedad;Ath. Bilbao ;1  :  1
season_14-15;15;14.12. 19:00;Atl. Madrid;Villarreal;0  :  1
season_14-15;15;14.12. 17:00;Sevilla;Eibar;0  :  0
season_14-15;15;14.12. 12:00;Espanyol;Granada ;2  :  1
season_14-15;15;13.12. 22:00;Malaga;Celta Vigo;1  :  0
season_14-15;15;13.12. 20:00;Cordoba;Levante;0  :  0
season_14-15;15;13.12. 18:00;Valencia ;Vallecano;3  :  0
season_14-15;15;13.12. 16:00;Getafe;Barcelona;0  :  0
season_14-15;15;12.12. 20:45;Almeria;Real Madrid;1  :  4
season_14-15;16;04.02. 20:45;Real Madrid;Sevilla;2  :  1
season_14-15;16;21.12. 21:00;Ath. Bilbao;Atl. Madrid;1  :  4
season_14-15;16;21.12. 19:00;Elche;Malaga;1  :  2
season_14-15;16;21.12. 17:00;Granada;Getafe;1  :  1
season_14-15;16;21.12. 12:00;Villarreal ;La Coruňa;3  :  0
season_14-15;16;20.12. 22:00;Vallecano;Espanyol ;1  :  3
season_14-15;16;20.12. 20:00;Eibar;Valencia;0  :  1
season_14-15;16;20.12. 18:00;Levante;Real Sociedad;1  :  1
season_14-15;16;20.12. 16:00;Barcelona;Cordoba;5  :  0
season_14-15;16;19.12. 20:45;Celta Vigo;Almeria;0  :  1
season_14-15;17;05.01. 20:45;Cordoba;Granada;2  :  0
season_14-15;17;04.01. 21:00;Real Sociedad;Barcelona;1  :  0
season_14-15;17;04.01. 19:00;Espanyol;Eibar;1  :  2
season_14-15;17;04.01. 17:00;Valencia;Real Madrid;2  :  1
season_14-15;17;04.01. 12:00;Getafe;Vallecano;1  :  2
season_14-15;17;03.01. 22:00;La Coruňa;Ath. Bilbao;1  :  0
season_14-15;17;03.01. 22:00;Malaga;Almeria ;1  :  2
season_14-15;17;03.01. 20:00;Elche;Villarreal;2  :  2
season_14-15;17;03.01. 18:00;Sevilla;Celta Vigo ;1  :  0
season_14-15;17;03.01. 16:00;Atl. Madrid;Levante;3  :  1
season_14-15;18;12.01. 20:45;Vallecano;Cordoba;0  :  1
season_14-15;18;11.01. 21:00;Barcelona;Atl. Madrid;3  :  1
season_14-15;18;11.01. 19:00;Granada;Real Sociedad;1  :  1
season_14-15;18;11.01. 17:00;Ath. Bilbao;Elche;1  :  2
season_14-15;18;11.01. 12:00;Almeria;Sevilla;0  :  2
season_14-15;18;10.01. 22:00;Eibar;Getafe;2  :  1
season_14-15;18;10.01. 20:00;Celta Vigo;Valencia;1  :  1
season_14-15;18;10.01. 18:00;Malaga;Villarreal;1  :  1
season_14-15;18;10.01. 16:00;Real Madrid ;Espanyol;3  :  0
season_14-15;18;09.01. 20:45;Levante;La Coruňa;0  :  0
season_14-15;19;18.01. 21:00;Elche;Levante ;1  :  0
season_14-15;19;18.01. 21:00;Sevilla;Malaga;2  :  0
season_14-15;19;18.01. 19:00;La Coruňa;Barcelona;0  :  4
season_14-15;19;18.01. 17:00;Atl. Madrid;Granada;2  :  0
season_14-15;19;18.01. 12:00;Getafe;Real Madrid;0  :  3
season_14-15;19;17.01. 22:00;Espanyol;Celta Vigo;1  :  0
season_14-15;19;17.01. 20:00;Villarreal;Ath. Bilbao;2  :  0
season_14-15;19;17.01. 18:00;Valencia;Almeria;3  :  2
season_14-15;19;17.01. 16:00;Real Sociedad;Vallecano;0  :  1
season_14-15;19;16.01. 20:45;Cordoba ;Eibar ;1  :  1
season_14-15;20;26.01. 20:45;Getafe;Celta Vigo;2  :  1
season_14-15;20;25.01. 21:00;Valencia;Sevilla;3  :  1
season_14-15;20;25.01. 19:00;Espanyol;Almeria;3  :  0
season_14-15;20;25.01. 17:00;Ath. Bilbao;Malaga;1  :  1
season_14-15;20;25.01. 12:00;La Coruňa ;Granada;2  :  2
season_14-15;20;24.01. 22:00;Real Sociedad;Eibar;1  :  0
season_14-15;20;24.01. 22:00;Villarreal;Levante;1  :  0
season_14-15;20;24.01. 20:00;Atl. Madrid;Vallecano;3  :  1
season_14-15;20;24.01. 18:00;Elche ;Barcelona;0  :  6
season_14-15;20;24.01. 16:00;Cordoba ;Real Madrid ;1  :  2
season_14-15;21;02.02. 20:45;Malaga;Valencia ;1  :  0
season_14-15;21;01.02. 21:00;Barcelona;Villarreal;3  :  2
season_14-15;21;01.02. 19:00;Sevilla;Espanyol ;3  :  2
season_14-15;21;01.02. 17:00;Almeria ;Getafe ;1  :  0
season_14-15;21;01.02. 12:00;Levante;Ath. Bilbao;0  :  2
season_14-15;21;31.01. 22:00;Celta Vigo;Cordoba;1  :  0
season_14-15;21;31.01. 20:00;Granada;Elche ;1  :  0
season_14-15;21;31.01. 18:00;Eibar;Atl. Madrid;1  :  3
season_14-15;21;31.01. 16:00;Real Madrid;Real Sociedad;4  :  1
season_14-15;21;30.01. 20:45;Vallecano;La Coruňa;1  :  2
season_14-15;22;09.02. 20:45;Elche;Vallecano ;2  :  0
season_14-15;22;08.02. 21:00;Ath. Bilbao ;Barcelona;2  :  5
season_14-15;22;08.02. 19:00;Espanyol;Valencia;1  :  2
season_14-15;22;08.02. 17:00;Getafe;Sevilla;2  :  1
season_14-15;22;08.02. 12:00;Cordoba;Almeria;1  :  2
season_14-15;22;07.02. 22:00;Real Sociedad;Celta Vigo;1  :  1
season_14-15;22;07.02. 20:00;Levante;Malaga;4  :  1
season_14-15;22;07.02. 18:00;Villarreal;Granada;2  :  0
season_14-15;22;07.02. 16:00;Atl. Madrid;Real Madrid;4  :  0
season_14-15;22;06.02. 20:45;La Coruňa;Eibar;2  :  0
season_14-15;23;16.02. 20:45;Eibar ;Elche;0  :  1
season_14-15;23;15.02. 21:00;Celta Vigo;Atl. Madrid;2  :  0
season_14-15;23;15.02. 19:00;Vallecano;Villarreal;2  :  0
season_14-15;23;15.02. 17:00;Barcelona;Levante;5  :  0
season_14-15;23;15.02. 12:00;Valencia;Getafe;1  :  0
season_14-15;23;14.02. 22:00;Malaga;Espanyol ;0  :  2
season_14-15;23;14.02. 20:00;Granada ;Ath. Bilbao;0  :  0
season_14-15;23;14.02. 18:00;Real Madrid;La Coruňa;2  :  0
season_14-15;23;14.02. 16:00;Sevilla ;Cordoba ;3  :  0
season_14-15;23;13.02. 20:45;Almeria;Real Sociedad;2  :  2
season_14-15;24;23.02. 20:45;Levante ;Granada ;2  :  1
season_14-15;24;22.02. 21:00;Elche;Real Madrid;0  :  2
season_14-15;24;22.02. 19:00;Villarreal;Eibar;1  :  0
season_14-15;24;22.02. 17:00;Ath. Bilbao;Vallecano;1  :  0
season_14-15;24;22.02. 12:00;Real Sociedad;Sevilla;4  :  3
season_14-15;24;21.02. 22:00;La Coruňa ;Celta Vigo;0  :  2
season_14-15;24;21.02. 20:00;Atl. Madrid ;Almeria;3  :  0
season_14-15;24;21.02. 18:00;Cordoba;Valencia;1  :  2
season_14-15;24;21.02. 16:00;Barcelona;Malaga;0  :  1
season_14-15;24;20.02. 20:45;Getafe;Espanyol;2  :  1
season_14-15;25;02.03. 20:45;Celta Vigo;Elche;1  :  1
season_14-15;25;01.03. 21:00;Real Madrid;Villarreal;1  :  1
season_14-15;25;01.03. 19:00;Sevilla;Atl. Madrid;0  :  0
season_14-15;25;01.03. 17:00;Eibar;Ath. Bilbao;0  :  1
season_14-15;25;01.03. 12:00;Valencia;Real Sociedad;2  :  0
season_14-15;25;28.02. 22:00;Malaga;Getafe;3  :  2
season_14-15;25;28.02. 20:00;Almeria ;La Coruňa;0  :  0
season_14-15;25;28.02. 18:00;Vallecano;Levante;4  :  2
season_14-15;25;28.02. 16:00;Granada;Barcelona;1  :  3
season_14-15;25;27.02. 20:45;Espanyol;Cordoba;1  :  0
season_14-15;26;09.03. 20:45;Cordoba;Getafe;1  :  2
season_14-15;26;08.03. 21:00;Atl. Madrid;Valencia ;1  :  1
season_14-15;26;08.03. 19:00;Villarreal;Celta Vigo;4  :  1
season_14-15;26;08.03. 17:00;Real Sociedad;Espanyol;1  :  0
season_14-15;26;08.03. 12:00;Barcelona ;Vallecano ;6  :  1
season_14-15;26;07.03. 22:00;Granada;Malaga;1  :  0
season_14-15;26;07.03. 20:00;Elche;Almeria;1  :  0
season_14-15;26;07.03. 18:00;Ath. Bilbao;Real Madrid;1  :  0
season_14-15;26;07.03. 16:00;La Coruňa;Sevilla;3  :  4
season_14-15;26;06.03. 20:45;Levante;Eibar ;2  :  1
season_14-15;27;16.03. 20:45;Getafe;Real Sociedad;0  :  1
season_14-15;27;15.03. 21:00;Real Madrid;Levante;2  :  0
season_14-15;27;15.03. 19:00;Sevilla;Elche;3  :  0
season_14-15;27;15.03. 17:00;Malaga;Cordoba;2  :  0
season_14-15;27;15.03. 12:00;Almeria ;Villarreal ;0  :  0
season_14-15;27;14.03. 22:00;Celta Vigo;Ath. Bilbao ;1  :  2
season_14-15;27;14.03. 20:00;Vallecano;Granada;3  :  1
season_14-15;27;14.03. 18:00;Eibar;Barcelona;0  :  2
season_14-15;27;14.03. 16:00;Espanyol;Atl. Madrid ;0  :  0
season_14-15;27;13.03. 20:45;Valencia;La Coruňa;2  :  0
season_14-15;28;22.03. 21:00;Barcelona;Real Madrid;2  :  1
season_14-15;28;22.03. 19:00;Real Sociedad;Cordoba ;3  :  1
season_14-15;28;22.03. 17:00;Villarreal;Sevilla;0  :  2
season_14-15;28;22.03. 12:00;La Coruňa;Espanyol;0  :  0
season_14-15;28;21.03. 22:00;Ath. Bilbao;Almeria ;2  :  1
season_14-15;28;21.03. 22:00;Granada;Eibar;0  :  0
season_14-15;28;21.03. 20:00;Levante;Celta Vigo;0  :  1
season_14-15;28;21.03. 18:00;Vallecano;Malaga ;1  :  0
season_14-15;28;21.03. 16:00;Atl. Madrid;Getafe;2  :  0
season_14-15;28;20.03. 20:45;Elche;Valencia;0  :  4
season_14-15;29;06.04. 20:00;Espanyol;Elche;1  :  1
season_14-15;29;05.04. 21:00;Celta Vigo ;Barcelona;0  :  1
season_14-15;29;05.04. 19:00;Getafe;La Coruňa;2  :  1
season_14-15;29;05.04. 17:00;Valencia;Villarreal;0  :  0
season_14-15;29;05.04. 12:00;Real Madrid;Granada;9  :  1
season_14-15;29;04.04. 22:00;Malaga;Real Sociedad;1  :  1
season_14-15;29;04.04. 20:00;Almeria ;Levante;1  :  4
season_14-15;29;04.04. 18:00;Cordoba;Atl. Madrid;0  :  2
season_14-15;29;04.04. 16:00;Sevilla;Ath. Bilbao;2  :  0
season_14-15;29;03.04. 20:45;Eibar ;Vallecano;1  :  2
season_14-15;30;09.04. 22:00;Elche;Getafe;0  :  1
season_14-15;30;09.04. 22:00;Villarreal;Espanyol;0  :  3
season_14-15;30;09.04. 20:00;Ath. Bilbao;Valencia ;1  :  1
season_14-15;30;08.04. 22:00;Granada ;Celta Vigo;1  :  1
season_14-15;30;08.04. 22:00;Vallecano;Real Madrid;0  :  2
season_14-15;30;08.04. 20:00;Barcelona;Almeria;4  :  0
season_14-15;30;08.04. 20:00;La Coruňa ;Cordoba;1  :  1
season_14-15;30;07.04. 22:00;Eibar;Malaga;1  :  0
season_14-15;30;07.04. 22:00;Levante;Sevilla;1  :  2
season_14-15;30;07.04. 20:00;Atl. Madrid;Real Sociedad;2  :  0
season_14-15;31;13.04. 20:30;Valencia;Levante;3  :  0
season_14-15;31;12.04. 21:00;Cordoba ;Elche;0  :  2
season_14-15;31;12.04. 19:00;Real Sociedad;La Coruňa;2  :  2
season_14-15;31;12.04. 17:00;Espanyol;Ath. Bilbao;1  :  0
season_14-15;31;12.04. 12:00;Getafe;Villarreal;1  :  1
season_14-15;31;11.04. 22:00;Almeria;Granada;3  :  0
season_14-15;31;11.04. 22:00;Celta Vigo;Vallecano;6  :  1
season_14-15;31;11.04. 20:00;Sevilla;Barcelona;2  :  2
season_14-15;31;11.04. 18:00;Malaga;Atl. Madrid;2  :  2
season_14-15;31;11.04. 16:00;Real Madrid;Eibar;3  :  0
season_14-15;32;20.04. 20:45;Elche;Real Sociedad;1  :  0
season_14-15;32;19.04. 21:00;Eibar;Celta Vigo;0  :  1
season_14-15;32;19.04. 19:00;Villarreal;Cordoba;0  :  0
season_14-15;32;19.04. 17:00;Granada;Sevilla;1  :  1
season_14-15;32;19.04. 12:00;Vallecano;Almeria;2  :  0
season_14-15;32;18.04. 22:00;Ath. Bilbao;Getafe ;4  :  0
season_14-15;32;18.04. 20:00;Real Madrid;Malaga;3  :  1
season_14-15;32;18.04. 18:00;La Coruňa;Atl. Madrid;1  :  2
season_14-15;32;18.04. 16:00;Barcelona;Valencia;2  :  0
season_14-15;32;17.04. 20:45;Levante;Espanyol;2  :  2
season_14-15;33;27.04. 20:45;Valencia;Granada;4  :  0
season_14-15;33;26.04. 21:00;Celta Vigo;Real Madrid;2  :  4
season_14-15;33;26.04. 19:00;Sevilla;Vallecano;2  :  0
season_14-15;33;26.04. 17:00;Almeria;Eibar;2  :  0
season_14-15;33;26.04. 12:00;Malaga;La Coruňa;1  :  1
season_14-15;33;25.04. 22:00;Real Sociedad;Villarreal;0  :  0
season_14-15;33;25.04. 20:00;Getafe;Levante;0  :  1
season_14-15;33;25.04. 18:00;Atl. Madrid;Elche;3  :  0
season_14-15;33;25.04. 16:00;Espanyol ;Barcelona ;0  :  2
season_14-15;33;24.04. 20:45;Cordoba;Ath. Bilbao;0  :  1
season_14-15;34;30.04. 22:00;Granada;Espanyol;1  :  2
season_14-15;34;30.04. 20:00;Vallecano ;Valencia ;1  :  1
season_14-15;34;29.04. 22:00;Elche;La Coruňa;4  :  0
season_14-15;34;29.04. 22:00;Villarreal;Atl. Madrid;0  :  1
season_14-15;34;29.04. 20:00;Celta Vigo;Malaga;1  :  0
season_14-15;34;29.04. 20:00;Eibar;Sevilla;1  :  3
season_14-15;34;29.04. 20:00;Real Madrid;Almeria;3  :  0
season_14-15;34;28.04. 22:00;Ath. Bilbao;Real Sociedad ;1  :  1
season_14-15;34;28.04. 22:00;Levante;Cordoba;1  :  0
season_14-15;34;28.04. 20:00;Barcelona;Getafe;6  :  0
season_14-15;35;04.05. 20:45;Almeria ;Celta Vigo ;2  :  2
season_14-15;35;03.05. 21:00;Malaga;Elche ;1  :  2
season_14-15;35;03.05. 19:00;Valencia;Eibar;3  :  1
season_14-15;35;03.05. 17:00;Getafe;Granada;1  :  2
season_14-15;35;03.05. 12:00;Espanyol ;Vallecano;1  :  1
season_14-15;35;02.05. 22:00;La Coruňa;Villarreal;1  :  1
season_14-15;35;02.05. 20:00;Sevilla;Real Madrid;2  :  3
season_14-15;35;02.05. 18:00;Atl. Madrid;Ath. Bilbao ;0  :  0
season_14-15;35;02.05. 16:00;Cordoba;Barcelona;0  :  8
season_14-15;35;01.05. 20:45;Real Sociedad;Levante;3  :  0
season_14-15;36;11.05. 20:45;Vallecano ;Getafe ;2  :  0
season_14-15;36;10.05. 21:00;Celta Vigo;Sevilla;1  :  1
season_14-15;36;10.05. 19:00;Almeria;Malaga;1  :  2
season_14-15;36;10.05. 17:00;Villarreal;Elche;1  :  0
season_14-15;36;10.05. 12:00;Levante;Atl. Madrid;2  :  2
season_14-15;36;09.05. 22:00;Ath. Bilbao;La Coruňa;1  :  1
season_14-15;36;09.05. 20:00;Real Madrid;Valencia;2  :  2
season_14-15;36;09.05. 18:00;Barcelona;Real Sociedad;2  :  0
season_14-15;36;09.05. 16:00;Granada;Cordoba ;2  :  0
season_14-15;36;08.05. 20:45;Eibar;Espanyol;0  :  2
season_14-15;37;17.05. 19:00;Atl. Madrid;Barcelona;0  :  1
season_14-15;37;17.05. 19:00;Cordoba;Vallecano;1  :  2
season_14-15;37;17.05. 19:00;Elche;Ath. Bilbao;2  :  3
season_14-15;37;17.05. 19:00;Espanyol;Real Madrid;1  :  4
season_14-15;37;17.05. 19:00;Getafe;Eibar;1  :  1
season_14-15;37;17.05. 19:00;La Coruňa;Levante;2  :  0
season_14-15;37;17.05. 19:00;Real Sociedad;Granada;0  :  3
season_14-15;37;17.05. 19:00;Sevilla;Almeria ;2  :  1
season_14-15;37;17.05. 19:00;Valencia;Celta Vigo;1  :  1
season_14-15;37;17.05. 19:00;Villarreal;Malaga;2  :  1
season_14-15;38;23.05. 20:30;Real Madrid;Getafe;7  :  3
season_14-15;38;23.05. 18:30;Almeria;Valencia ;2  :  3
season_14-15;38;23.05. 18:30;Ath. Bilbao;Villarreal;4  :  0
season_14-15;38;23.05. 18:30;Barcelona;La Coruňa;2  :  2
season_14-15;38;23.05. 18:30;Celta Vigo ;Espanyol;3  :  2
season_14-15;38;23.05. 18:30;Eibar;Cordoba;3  :  0
season_14-15;38;23.05. 18:30;Granada;Atl. Madrid;0  :  0
season_14-15;38;23.05. 18:30;Malaga ;Sevilla;2  :  3
season_14-15;38;23.05. 18:30;Vallecano;Real Sociedad;2  :  4
season_14-15;38;23.05. 16:30;Levante;Elche;0  :  0
season_15-16;1;24.08. 20:30;Granada ;Eibar;1  :  3
season_15-16;1;23.08. 22:30;Betis;Villarreal ;1  :  1
season_15-16;1;23.08. 22:00;Levante ;Celta Vigo;1  :  2
season_15-16;1;23.08. 20:30;Gijon;Real Madrid;0  :  0
season_15-16;1;23.08. 18:30;Ath. Bilbao;Barcelona;0  :  1
season_15-16;1;22.08. 22:30;Vallecano;Valencia;0  :  0
season_15-16;1;22.08. 20:30;Atl. Madrid;Las Palmas;1  :  0
season_15-16;1;22.08. 18:30;Espanyol;Getafe ;1  :  0
season_15-16;1;22.08. 18:30;La Coruňa;Real Sociedad;0  :  0
season_15-16;1;21.08. 20:30;Malaga;Sevilla ;0  :  0
season_15-16;2;30.08. 22:30;Getafe;Granada;1  :  2
season_15-16;2;30.08. 22:30;Las Palmas;Levante;0  :  0
season_15-16;2;30.08. 20:30;Sevilla;Atl. Madrid;0  :  3
season_15-16;2;30.08. 20:30;Valencia ;La Coruňa;1  :  1
season_15-16;2;30.08. 18:30;Eibar;Ath. Bilbao;2  :  0
season_15-16;2;29.08. 22:30;Real Madrid;Betis;5  :  0
season_15-16;2;29.08. 22:00;Celta Vigo;Vallecano ;3  :  0
season_15-16;2;29.08. 20:30;Barcelona;Malaga;1  :  0
season_15-16;2;29.08. 18:30;Real Sociedad;Gijon;0  :  0
season_15-16;2;28.08. 20:30;Villarreal;Espanyol;3  :  1
season_15-16;3;14.09. 20:30;Vallecano ;La Coruňa;1  :  3
season_15-16;3;13.09. 20:30;Malaga;Eibar;0  :  0
season_15-16;3;13.09. 18:15;Celta Vigo;Las Palmas ;3  :  3
season_15-16;3;13.09. 16:00;Ath. Bilbao;Getafe;3  :  1
season_15-16;3;13.09. 12:00;Granada;Villarreal;1  :  3
season_15-16;3;12.09. 22:00;Betis ;Real Sociedad;1  :  0
season_15-16;3;12.09. 20:30;Atl. Madrid;Barcelona;1  :  2
season_15-16;3;12.09. 18:15;Gijon;Valencia;0  :  1
season_15-16;3;12.09. 16:00;Espanyol;Real Madrid;0  :  6
season_15-16;3;11.09. 20:30;Levante;Sevilla;1  :  1
season_15-16;4;20.09. 20:30;Barcelona;Levante;4  :  1
season_15-16;4;20.09. 20:30;Las Palmas;Vallecano;0  :  1
season_15-16;4;20.09. 18:15;Villarreal;Ath. Bilbao;3  :  1
season_15-16;4;20.09. 16:00;La Coruňa;Gijon;2  :  3
season_15-16;4;20.09. 12:00;Sevilla;Celta Vigo ;1  :  2
season_15-16;4;19.09. 22:00;Real Sociedad ;Espanyol;2  :  3
season_15-16;4;19.09. 20:30;Eibar;Atl. Madrid;0  :  2
season_15-16;4;19.09. 18:15;Valencia;Betis ;0  :  0
season_15-16;4;19.09. 16:00;Real Madrid;Granada;1  :  0
season_15-16;4;18.09. 20:30;Getafe;Malaga;1  :  0
season_15-16;5;24.09. 22:05;Betis;La Coruňa;1  :  2
season_15-16;5;23.09. 22:00;Las Palmas;Sevilla;2  :  0
season_15-16;5;23.09. 22:00;Malaga;Villarreal;0  :  1
season_15-16;5;23.09. 21:00;Ath. Bilbao;Real Madrid;1  :  2
season_15-16;5;23.09. 20:00;Celta Vigo;Barcelona;4  :  1
season_15-16;5;23.09. 20:00;Levante;Eibar;2  :  2
season_15-16;5;23.09. 20:00;Vallecano;Gijon ;2  :  1
season_15-16;5;22.09. 22:00;Granada;Real Sociedad;0  :  3
season_15-16;5;22.09. 20:00;Atl. Madrid;Getafe;2  :  0
season_15-16;5;22.09. 20:00;Espanyol;Valencia;1  :  0
season_15-16;6;27.09. 20:30;Real Sociedad;Ath. Bilbao;0  :  0
season_15-16;6;27.09. 18:15;Getafe;Levante;3  :  0
season_15-16;6;27.09. 16:00;La Coruňa;Espanyol ;3  :  0
season_15-16;6;27.09. 12:00;Gijon;Betis;1  :  2
season_15-16;6;26.09. 22:05;Eibar;Celta Vigo;1  :  1
season_15-16;6;26.09. 20:30;Sevilla;Vallecano ;3  :  2
season_15-16;6;26.09. 20:30;Villarreal;Atl. Madrid;1  :  0
season_15-16;6;26.09. 18:15;Real Madrid;Malaga ;0  :  0
season_15-16;6;26.09. 16:00;Barcelona;Las Palmas;2  :  1
season_15-16;6;25.09. 20:30;Valencia;Granada;1  :  0
season_15-16;7;04.10. 20:30;Atl. Madrid;Real Madrid;1  :  1
season_15-16;7;04.10. 18:15;Levante;Villarreal ;1  :  0
season_15-16;7;04.10. 16:00;Ath. Bilbao;Valencia;3  :  1
season_15-16;7;04.10. 12:00;Vallecano;Betis;0  :  2
season_15-16;7;03.10. 22:05;Malaga ;Real Sociedad;3  :  1
season_15-16;7;03.10. 22:00;Las Palmas;Eibar;0  :  2
season_15-16;7;03.10. 20:30;Espanyol;Gijon;1  :  2
season_15-16;7;03.10. 18:15;Granada;La Coruňa;1  :  1
season_15-16;7;03.10. 16:00;Sevilla;Barcelona;2  :  1
season_15-16;7;02.10. 20:30;Celta Vigo;Getafe;0  :  0
season_15-16;8;19.10. 20:30;Gijon;Granada ;3  :  3
season_15-16;8;18.10. 20:30;La Coruňa;Ath. Bilbao;2  :  2
season_15-16;8;18.10. 18:15;Getafe;Las Palmas ;4  :  0
season_15-16;8;18.10. 16:00;Real Sociedad ;Atl. Madrid;0  :  2
season_15-16;8;18.10. 12:00;Villarreal ;Celta Vigo;1  :  2
season_15-16;8;17.10. 22:05;Betis;Espanyol;1  :  3
season_15-16;8;17.10. 22:00;Valencia;Malaga;3  :  0
season_15-16;8;17.10. 20:30;Barcelona;Vallecano;5  :  2
season_15-16;8;17.10. 18:15;Eibar;Sevilla;1  :  1
season_15-16;8;17.10. 16:00;Real Madrid;Levante;3  :  0
season_15-16;9;26.10. 20:30;Ath. Bilbao;Gijon;3  :  0
season_15-16;9;25.10. 20:30;Atl. Madrid;Valencia;2  :  1
season_15-16;9;25.10. 18:15;Barcelona ;Eibar;3  :  1
season_15-16;9;25.10. 16:00;Las Palmas;Villarreal;0  :  0
season_15-16;9;25.10. 12:00;Levante ;Real Sociedad;0  :  4
season_15-16;9;24.10. 22:05;Malaga;La Coruňa;2  :  0
season_15-16;9;24.10. 20:30;Sevilla;Getafe ;5  :  0
season_15-16;9;24.10. 18:15;Granada;Betis;1  :  1
season_15-16;9;24.10. 16:00;Celta Vigo ;Real Madrid;1  :  3
season_15-16;9;23.10. 20:30;Vallecano ;Espanyol ;3  :  0
season_15-16;10;01.11. 20:30;Betis;Ath. Bilbao;1  :  3
season_15-16;10;01.11. 18:15;Gijon;Malaga;1  :  0
season_15-16;10;01.11. 16:00;Espanyol ;Granada;1  :  1
season_15-16;10;01.11. 12:00;Eibar;Vallecano;1  :  0
season_15-16;10;31.10. 22:05;Real Sociedad;Celta Vigo;2  :  3
season_15-16;10;31.10. 20:30;Getafe;Barcelona;0  :  2
season_15-16;10;31.10. 18:15;Valencia;Levante;3  :  0
season_15-16;10;31.10. 18:15;Villarreal;Sevilla;2  :  1
season_15-16;10;31.10. 16:00;Real Madrid;Las Palmas;3  :  1
season_15-16;10;30.10. 20:30;La Coruňa;Atl. Madrid;1  :  1
season_15-16;11;08.11. 20:30;Sevilla;Real Madrid;3  :  2
season_15-16;11;08.11. 18:15;Atl. Madrid;Gijon;1  :  0
season_15-16;11;08.11. 16:00;Barcelona;Villarreal;3  :  0
season_15-16;11;08.11. 12:00;Ath. Bilbao;Espanyol;2  :  1
season_15-16;11;07.11. 22:05;Malaga;Betis;0  :  1
season_15-16;11;07.11. 20:30;Eibar;Getafe ;3  :  1
season_15-16;11;07.11. 20:30;Vallecano ;Granada;2  :  1
season_15-16;11;07.11. 18:15;Levante;La Coruňa;1  :  1
season_15-16;11;07.11. 16:00;Celta Vigo;Valencia;1  :  5
season_15-16;11;06.11. 20:30;Las Palmas;Real Sociedad;2  :  0
season_15-16;12;23.11. 20:30;Getafe;Vallecano;1  :  1
season_15-16;12;22.11. 20:30;Betis;Atl. Madrid;0  :  1
season_15-16;12;22.11. 18:15;Granada;Ath. Bilbao;2  :  0
season_15-16;12;22.11. 16:00;Villarreal;Eibar ;1  :  1
season_15-16;12;22.11. 12:00;Gijon;Levante;0  :  3
season_15-16;12;21.11. 22:05;La Coruňa;Celta Vigo;2  :  0
season_15-16;12;21.11. 22:00;Valencia;Las Palmas;1  :  1
season_15-16;12;21.11. 20:30;Espanyol;Malaga;2  :  0
season_15-16;12;21.11. 18:15;Real Madrid ;Barcelona;0  :  4
season_15-16;12;21.11. 16:00;Real Sociedad;Sevilla;2  :  0
season_15-16;13;29.11. 20:30;Sevilla;Valencia ;1  :  0
season_15-16;13;29.11. 18:15;Vallecano;Ath. Bilbao ;0  :  3
season_15-16;13;29.11. 16:00;Eibar;Real Madrid;0  :  2
season_15-16;13;29.11. 12:00;Getafe;Villarreal;2  :  0
season_15-16;13;28.11. 22:05;Celta Vigo;Gijon;2  :  1
season_15-16;13;28.11. 22:00;Las Palmas;La Coruňa;0  :  2
season_15-16;13;28.11. 20:30;Malaga ;Granada;2  :  2
season_15-16;13;28.11. 18:15;Atl. Madrid;Espanyol;1  :  0
season_15-16;13;28.11. 16:00;Barcelona;Real Sociedad;4  :  0
season_15-16;13;27.11. 20:30;Levante ;Betis ;0  :  1
season_15-16;14;07.12. 20:30;Espanyol;Levante;1  :  1
season_15-16;14;06.12. 20:30;Ath. Bilbao ;Malaga;0  :  0
season_15-16;14;06.12. 18:15;Gijon;Las Palmas ;3  :  1
season_15-16;14;06.12. 16:00;Villarreal;Vallecano;2  :  1
season_15-16;14;06.12. 12:00;Real Sociedad;Eibar;2  :  1
season_15-16;14;05.12. 22:05;Betis;Celta Vigo ;1  :  1
season_15-16;14;05.12. 22:00;La Coruňa;Sevilla;1  :  1
season_15-16;14;05.12. 20:30;Valencia;Barcelona;1  :  1
season_15-16;14;05.12. 18:15;Granada;Atl. Madrid;0  :  2
season_15-16;14;05.12. 16:00;Real Madrid;Getafe;4  :  1
season_15-16;15;13.12. 20:30;Villarreal;Real Madrid;1  :  0
season_15-16;15;13.12. 18:15;Atl. Madrid;Ath. Bilbao;2  :  1
season_15-16;15;13.12. 16:00;Eibar ;Valencia ;1  :  1
season_15-16;15;13.12. 12:00;Vallecano;Malaga;1  :  2
season_15-16;15;12.12. 22:05;Las Palmas;Betis;1  :  0
season_15-16;15;12.12. 20:30;Sevilla;Gijon ;2  :  0
season_15-16;15;12.12. 18:15;Celta Vigo ;Espanyol;1  :  0
season_15-16;15;12.12. 18:15;Levante;Granada;1  :  2
season_15-16;15;12.12. 16:00;Barcelona;La Coruňa;2  :  2
season_15-16;15;11.12. 20:30;Getafe;Real Sociedad;1  :  1
season_15-16;16;17.02. 18:30;Gijon;Barcelona;1  :  3
season_15-16;16;20.12. 20:30;Malaga;Atl. Madrid ;1  :  0
season_15-16;16;20.12. 18:15;Ath. Bilbao;Levante;2  :  0
season_15-16;16;20.12. 18:15;Granada;Celta Vigo;0  :  2
season_15-16;16;20.12. 18:15;Real Sociedad;Villarreal;0  :  2
season_15-16;16;20.12. 16:00;Real Madrid;Vallecano ;10  :  2
season_15-16;16;19.12. 22:05;La Coruňa ;Eibar;2  :  0
season_15-16;16;19.12. 20:30;Betis;Sevilla;0  :  0
season_15-16;16;19.12. 18:15;Espanyol;Las Palmas;1  :  0
season_15-16;16;19.12. 16:00;Valencia;Getafe;2  :  2
season_15-16;17;31.12. 16:00;Villarreal;Valencia;1  :  0
season_15-16;17;30.12. 21:00;Las Palmas;Granada ;4  :  1
season_15-16;17;30.12. 20:30;Barcelona;Betis;4  :  0
season_15-16;17;30.12. 20:30;Celta Vigo;Ath. Bilbao;0  :  1
season_15-16;17;30.12. 20:30;Getafe;La Coruňa;0  :  0
season_15-16;17;30.12. 18:30;Eibar;Gijon;2  :  0
season_15-16;17;30.12. 18:15;Sevilla;Espanyol;2  :  0
season_15-16;17;30.12. 18:15;Vallecano;Atl. Madrid;0  :  2
season_15-16;17;30.12. 16:00;Levante;Malaga;0  :  1
season_15-16;17;30.12. 16:00;Real Madrid;Real Sociedad;3  :  1
season_15-16;18;04.01. 20:30;Gijon;Getafe;1  :  2
season_15-16;18;03.01. 20:30;Valencia;Real Madrid ;2  :  2
season_15-16;18;03.01. 18:15;Ath. Bilbao;Las Palmas;2  :  2
season_15-16;18;03.01. 18:15;La Coruňa;Villarreal;1  :  2
season_15-16;18;03.01. 16:00;Betis;Eibar;0  :  4
season_15-16;18;03.01. 16:00;Granada;Sevilla ;2  :  1
season_15-16;18;03.01. 12:00;Vallecano;Real Sociedad;2  :  2
season_15-16;18;02.01. 22:05;Malaga;Celta Vigo ;2  :  0
season_15-16;18;02.01. 20:30;Atl. Madrid;Levante;1  :  0
season_15-16;18;02.01. 16:00;Espanyol;Barcelona;0  :  0
season_15-16;19;10.01. 20:30;Celta Vigo;Atl. Madrid;0  :  2
season_15-16;19;10.01. 18:15;Eibar;Espanyol;2  :  1
season_15-16;19;10.01. 18:15;Las Palmas;Malaga;1  :  1
season_15-16;19;10.01. 16:00;Real Sociedad;Valencia;2  :  0
season_15-16;19;10.01. 12:00;Villarreal;Gijon;2  :  0
season_15-16;19;09.01. 22:05;Levante;Vallecano;2  :  1
season_15-16;19;09.01. 20:30;Real Madrid;La Coruňa;5  :  0
season_15-16;19;09.01. 18:15;Getafe;Betis;1  :  0
season_15-16;19;09.01. 18:15;Sevilla;Ath. Bilbao;2  :  0
season_15-16;19;09.01. 16:00;Barcelona;Granada;4  :  0
season_15-16;20;18.01. 20:30;Eibar;Granada;5  :  1
season_15-16;20;17.01. 20:30;Barcelona;Ath. Bilbao ;6  :  0
season_15-16;20;17.01. 18:15;Getafe;Espanyol;3  :  1
season_15-16;20;17.01. 18:15;Las Palmas;Atl. Madrid;0  :  3
season_15-16;20;17.01. 16:00;Real Madrid;Gijon;5  :  1
season_15-16;20;17.01. 12:00;Valencia;Vallecano;2  :  2
season_15-16;20;16.01. 22:05;Real Sociedad;La Coruňa;1  :  1
season_15-16;20;16.01. 20:30;Villarreal;Betis;0  :  0
season_15-16;20;16.01. 18:15;Celta Vigo;Levante;4  :  3
season_15-16;20;16.01. 16:00;Sevilla ;Malaga ;2  :  1
season_15-16;21;25.01. 20:30;Levante ;Las Palmas;3  :  2
season_15-16;21;24.01. 20:30;Betis;Real Madrid;1  :  1
season_15-16;21;24.01. 18:15;La Coruňa;Valencia;1  :  1
season_15-16;21;24.01. 16:00;Atl. Madrid;Sevilla ;0  :  0
season_15-16;21;24.01. 12:00;Ath. Bilbao;Eibar;5  :  2
season_15-16;21;23.01. 22:05;Vallecano;Celta Vigo;3  :  0
season_15-16;21;23.01. 20:30;Granada;Getafe;3  :  2
season_15-16;21;23.01. 18:15;Espanyol ;Villarreal;2  :  2
season_15-16;21;23.01. 16:00;Malaga;Barcelona;1  :  2
season_15-16;21;22.01. 20:30;Gijon;Real Sociedad;5  :  1
season_15-16;22;01.02. 20:30;La Coruňa;Vallecano;2  :  2
season_15-16;22;31.01. 20:30;Real Madrid;Espanyol;6  :  0
season_15-16;22;31.01. 18:15;Las Palmas;Celta Vigo ;2  :  1
season_15-16;22;31.01. 16:00;Valencia;Gijon;0  :  1
season_15-16;22;31.01. 12:00;Sevilla;Levante;3  :  1
season_15-16;22;30.01. 22:05;Real Sociedad;Betis;2  :  1
season_15-16;22;30.01. 20:30;Villarreal;Granada;1  :  0
season_15-16;22;30.01. 18:15;Eibar;Malaga;1  :  2
season_15-16;22;30.01. 18:15;Getafe ;Ath. Bilbao;0  :  1
season_15-16;22;30.01. 16:00;Barcelona;Atl. Madrid ;2  :  1
season_15-16;23;08.02. 20:30;Espanyol;Real Sociedad;0  :  5
season_15-16;23;07.02. 20:30;Granada;Real Madrid;1  :  2
season_15-16;23;07.02. 18:15;Celta Vigo;Sevilla ;1  :  1
season_15-16;23;07.02. 16:00;Betis;Valencia ;1  :  0
season_15-16;23;07.02. 12:00;Levante;Barcelona;0  :  2
season_15-16;23;06.02. 22:05;Gijon;La Coruňa;1  :  1
season_15-16;23;06.02. 20:30;Ath. Bilbao ;Villarreal ;0  :  0
season_15-16;23;06.02. 18:15;Vallecano;Las Palmas;2  :  0
season_15-16;23;06.02. 16:00;Atl. Madrid;Eibar;3  :  1
season_15-16;23;05.02. 20:30;Malaga;Getafe;3  :  0
season_15-16;24;14.02. 20:30;Barcelona;Celta Vigo;6  :  1
season_15-16;24;14.02. 18:15;Eibar;Levante;2  :  0
season_15-16;24;14.02. 18:15;Getafe;Atl. Madrid;0  :  1
season_15-16;24;14.02. 16:00;Sevilla;Las Palmas;2  :  0
season_15-16;24;14.02. 12:00;Real Sociedad;Granada;3  :  0
season_15-16;24;13.02. 22:05;La Coruňa;Betis;2  :  2
season_15-16;24;13.02. 20:30;Valencia;Espanyol;2  :  1
season_15-16;24;13.02. 18:15;Villarreal;Malaga;1  :  0
season_15-16;24;13.02. 16:00;Real Madrid ;Ath. Bilbao;4  :  2
season_15-16;24;12.02. 20:30;Gijon;Vallecano;2  :  2
season_15-16;25;21.02. 20:30;Atl. Madrid;Villarreal;0  :  0
season_15-16;25;21.02. 18:15;Ath. Bilbao;Real Sociedad;0  :  1
season_15-16;25;21.02. 18:15;Granada;Valencia;1  :  2
season_15-16;25;21.02. 16:00;Malaga;Real Madrid;1  :  1
season_15-16;25;21.02. 12:00;Vallecano;Sevilla;2  :  2
season_15-16;25;20.02. 22:05;Celta Vigo;Eibar;3  :  2
season_15-16;25;20.02. 20:30;Betis;Gijon;1  :  1
season_15-16;25;20.02. 18:15;Espanyol;La Coruňa;1  :  0
season_15-16;25;20.02. 16:00;Las Palmas;Barcelona;1  :  2
season_15-16;25;19.02. 20:30;Levante;Getafe;3  :  0
season_15-16;26;28.02. 20:30;Barcelona;Sevilla;2  :  1
season_15-16;26;28.02. 18:15;La Coruňa ;Granada;0  :  1
season_15-16;26;28.02. 16:00;Valencia;Ath. Bilbao;0  :  3
season_15-16;26;28.02. 12:00;Villarreal;Levante ;3  :  0
season_15-16;26;27.02. 22:05;Real Sociedad;Malaga;1  :  1
season_15-16;26;27.02. 20:30;Betis;Vallecano;2  :  2
season_15-16;26;27.02. 18:15;Getafe;Celta Vigo;0  :  1
season_15-16;26;27.02. 18:15;Gijon ;Espanyol;2  :  4
season_15-16;26;27.02. 16:00;Real Madrid;Atl. Madrid;0  :  1
season_15-16;26;26.02. 20:30;Eibar;Las Palmas;0  :  1
season_15-16;27;03.03. 21:00;Vallecano ;Barcelona;1  :  5
season_15-16;27;03.03. 20:30;Espanyol;Betis;0  :  3
season_15-16;27;03.03. 20:00;Granada;Gijon ;2  :  0
season_15-16;27;02.03. 21:00;Levante;Real Madrid;1  :  3
season_15-16;27;02.03. 20:00;Ath. Bilbao;La Coruňa;4  :  1
season_15-16;27;02.03. 20:00;Celta Vigo;Villarreal;0  :  0
season_15-16;27;02.03. 20:00;Malaga;Valencia;1  :  2
season_15-16;27;02.03. 20:00;Sevilla;Eibar ;1  :  0
season_15-16;27;01.03. 22:00;Las Palmas;Getafe ;4  :  0
season_15-16;27;01.03. 21:00;Atl. Madrid;Real Sociedad;3  :  0
season_15-16;28;07.03. 20:30;Espanyol ;Vallecano;2  :  1
season_15-16;28;06.03. 20:30;Valencia ;Atl. Madrid;1  :  3
season_15-16;28;06.03. 18:15;Gijon;Ath. Bilbao ;0  :  2
season_15-16;28;06.03. 18:15;Real Sociedad;Levante;1  :  1
season_15-16;28;06.03. 16:00;Eibar;Barcelona;0  :  4
season_15-16;28;06.03. 12:00;Betis ;Granada ;2  :  0
season_15-16;28;05.03. 22:05;La Coruňa;Malaga ;3  :  3
season_15-16;28;05.03. 20:30;Getafe;Sevilla;1  :  1
season_15-16;28;05.03. 18:15;Villarreal;Las Palmas;0  :  1
season_15-16;28;05.03. 16:00;Real Madrid;Celta Vigo;7  :  1
season_15-16;29;14.03. 20:30;Granada ;Espanyol;1  :  1
season_15-16;29;13.03. 20:30;Las Palmas;Real Madrid ;1  :  2
season_15-16;29;13.03. 18:15;Ath. Bilbao;Betis;3  :  1
season_15-16;29;13.03. 16:00;Sevilla ;Villarreal;4  :  2
season_15-16;29;13.03. 12:00;Levante;Valencia;1  :  0
season_15-16;29;12.03. 22:05;Vallecano;Eibar ;1  :  1
season_15-16;29;12.03. 20:30;Atl. Madrid;La Coruňa;3  :  0
season_15-16;29;12.03. 18:15;Celta Vigo;Real Sociedad;1  :  0
season_15-16;29;12.03. 16:00;Barcelona;Getafe;6  :  0
season_15-16;29;11.03. 20:30;Malaga;Gijon;1  :  0
season_15-16;30;20.03. 20:30;Real Madrid;Sevilla;4  :  0
season_15-16;30;20.03. 18:15;Valencia;Celta Vigo;0  :  2
season_15-16;30;20.03. 16:00;Villarreal;Barcelona;2  :  2
season_15-16;30;20.03. 12:00;Espanyol;Ath. Bilbao;2  :  1
season_15-16;30;19.03. 22:05;Betis;Malaga;0  :  1
season_15-16;30;19.03. 20:30;La Coruňa;Levante;2  :  1
season_15-16;30;19.03. 18:15;Granada ;Vallecano;2  :  2
season_15-16;30;19.03. 18:15;Real Sociedad;Las Palmas;0  :  1
season_15-16;30;19.03. 16:00;Gijon;Atl. Madrid;2  :  1
season_15-16;30;18.03. 20:30;Getafe;Eibar;1  :  1
season_15-16;31;04.04. 20:30;Levante ;Gijon;0  :  0
season_15-16;31;03.04. 20:30;Sevilla;Real Sociedad ;1  :  2
season_15-16;31;03.04. 18:15;Eibar;Villarreal;1  :  2
season_15-16;31;03.04. 16:00;Malaga;Espanyol;1  :  1
season_15-16;31;03.04. 12:00;Ath. Bilbao;Granada;1  :  1
season_15-16;31;02.04. 22:05;Celta Vigo;La Coruňa ;1  :  1
season_15-16;31;02.04. 20:30;Barcelona;Real Madrid ;1  :  2
season_15-16;31;02.04. 18:15;Las Palmas;Valencia;2  :  1
season_15-16;31;02.04. 16:00;Atl. Madrid;Betis;5  :  1
season_15-16;31;01.04. 20:30;Vallecano ;Getafe;2  :  0
season_15-16;32;11.04. 20:30;La Coruňa;Las Palmas;1  :  3
season_15-16;32;10.04. 20:30;Ath. Bilbao;Vallecano;1  :  0
season_15-16;32;10.04. 18:15;Villarreal;Getafe;2  :  0
season_15-16;32;10.04. 16:00;Valencia;Sevilla;2  :  1
season_15-16;32;10.04. 12:00;Gijon;Celta Vigo;0  :  1
season_15-16;32;09.04. 22:05;Betis;Levante;1  :  0
season_15-16;32;09.04. 20:30;Real Sociedad;Barcelona;1  :  0
season_15-16;32;09.04. 18:15;Espanyol;Atl. Madrid;1  :  3
season_15-16;32;09.04. 16:00;Real Madrid;Eibar;4  :  0
season_15-16;32;08.04. 20:30;Granada;Malaga;0  :  0
season_15-16;33;17.04. 20:30;Barcelona;Valencia;1  :  2
season_15-16;33;17.04. 18:15;Atl. Madrid;Granada;3  :  0
season_15-16;33;17.04. 18:15;Vallecano;Villarreal;2  :  1
season_15-16;33;17.04. 16:00;Sevilla;La Coruňa;1  :  1
season_15-16;33;17.04. 12:00;Malaga;Ath. Bilbao;0  :  1
season_15-16;33;16.04. 22:05;Celta Vigo;Betis;1  :  1
season_15-16;33;16.04. 20:30;Eibar;Real Sociedad;2  :  1
season_15-16;33;16.04. 18:15;Las Palmas;Gijon;1  :  1
season_15-16;33;16.04. 16:00;Getafe;Real Madrid;1  :  5
season_15-16;33;15.04. 20:30;Levante;Espanyol;2  :  1
season_15-16;34;21.04. 21:00;Granada;Levante ;5  :  1
season_15-16;34;21.04. 20:30;Real Sociedad;Getafe;1  :  2
season_15-16;34;20.04. 22:00;Real Madrid;Villarreal;3  :  0
season_15-16;34;20.04. 20:45;Ath. Bilbao;Atl. Madrid;0  :  1
season_15-16;34;20.04. 20:45;Gijon;Sevilla;2  :  1
season_15-16;34;20.04. 20:45;Malaga;Vallecano;1  :  1
season_15-16;34;20.04. 20:45;Valencia;Eibar;4  :  0
season_15-16;34;20.04. 20:00;La Coruňa;Barcelona;0  :  8
season_15-16;34;19.04. 21:00;Betis;Las Palmas ;1  :  0
season_15-16;34;19.04. 20:00;Espanyol;Celta Vigo;1  :  1
season_15-16;35;25.04. 20:30;Celta Vigo;Granada;2  :  1
season_15-16;35;24.04. 20:30;Villarreal;Real Sociedad;0  :  0
season_15-16;35;24.04. 18:15;Getafe;Valencia;2  :  2
season_15-16;35;24.04. 16:00;Sevilla;Betis;2  :  0
season_15-16;35;24.04. 12:00;Levante;Ath. Bilbao;2  :  2
season_15-16;35;23.04. 22:05;Eibar;La Coruňa;1  :  1
season_15-16;35;23.04. 20:30;Barcelona;Gijon ;6  :  0
season_15-16;35;23.04. 18:15;Atl. Madrid;Malaga;1  :  0
season_15-16;35;23.04. 16:00;Vallecano;Real Madrid;2  :  3
season_15-16;35;22.04. 21:00;Las Palmas;Espanyol;4  :  0
season_15-16;36;02.05. 20:30;Malaga;Levante;3  :  1
season_15-16;36;01.05. 20:30;Valencia;Villarreal;0  :  2
season_15-16;36;01.05. 18:15;La Coruňa ;Getafe;0  :  2
season_15-16;36;01.05. 16:00;Espanyol;Sevilla;1  :  0
season_15-16;36;01.05. 12:00;Ath. Bilbao;Celta Vigo ;2  :  1
season_15-16;36;30.04. 22:05;Granada;Las Palmas;3  :  2
season_15-16;36;30.04. 20:30;Betis ;Barcelona;0  :  2
season_15-16;36;30.04. 18:15;Atl. Madrid;Vallecano;1  :  0
season_15-16;36;30.04. 16:00;Real Sociedad;Real Madrid;0  :  1
season_15-16;36;29.04. 20:30;Gijon;Eibar;2  :  0
season_15-16;37;08.05. 17:00;Barcelona;Espanyol;5  :  0
season_15-16;37;08.05. 17:00;Celta Vigo;Malaga;1  :  0
season_15-16;37;08.05. 17:00;Eibar;Betis;1  :  1
season_15-16;37;08.05. 17:00;Getafe;Gijon ;1  :  1
season_15-16;37;08.05. 17:00;Las Palmas;Ath. Bilbao;0  :  0
season_15-16;37;08.05. 17:00;Levante;Atl. Madrid;2  :  1
season_15-16;37;08.05. 17:00;Real Madrid;Valencia ;3  :  2
season_15-16;37;08.05. 17:00;Real Sociedad ;Vallecano;2  :  1
season_15-16;37;08.05. 17:00;Sevilla;Granada;1  :  4
season_15-16;37;08.05. 17:00;Villarreal;La Coruňa;0  :  2
season_15-16;38;15.05. 19:30;Betis;Getafe ;2  :  1
season_15-16;38;15.05. 19:30;Gijon;Villarreal;2  :  0
season_15-16;38;15.05. 19:30;Vallecano;Levante;3  :  1
season_15-16;38;15.05. 19:00;Espanyol;Eibar;4  :  2
season_15-16;38;15.05. 12:00;Malaga;Las Palmas;4  :  1
season_15-16;38;14.05. 19:30;Ath. Bilbao ;Sevilla ;3  :  1
season_15-16;38;14.05. 19:30;Atl. Madrid;Celta Vigo;2  :  0
season_15-16;38;14.05. 17:00;Granada;Barcelona;0  :  3
season_15-16;38;14.05. 17:00;La Coruňa;Real Madrid;0  :  2
season_15-16;38;13.05. 20:30;Valencia;Real Sociedad;0  :  1
